INSERT INTO `areaconocimiento` (`cod_area_conocimiento`, `nombre_area_conocimiento`, `created_area_conocimiento`, `update_area_conocimiento`)VALUES
(1, 'Area mercadeo','2018-08-11 15:58:50', '2018-08-11 15:58:50'),
(2, 'Area industrias creativas','2018-08-11 15:58:50', '2018-08-11 15:58:50'),
(3, 'Area teleinformatica','2018-08-11 15:58:50', '2018-08-11 15:58:50'),
(4, 'Area logistica','2018-08-11 15:58:50', '2018-08-11 15:58:50');

INSERT INTO `areaformacion` (`cod_area_formacion`, `nombre_area_formacion`, `created_area_formacion`, `updated_area_formacion`)VALUES
(1, 'Tecnólogo en gestión mercados','2018-08-11 15:58:50', '2018-08-11 15:58:50'),
(2, 'Tecnólogo en negociación internacional', '2018-08-11 15:58:50', '2018-08-11 15:58:50'),
(3, 'Tecnólogo en dirección de ventas','2018-08-11 15:58:50', '2018-08-11 15:58:50'),
(4, 'Tecnólogo en comunicación comercial','2018-08-11 15:58:50', '2018-08-11 15:58:50'),
(5, 'Técnico en ventas de productos y servicios','2018-08-11 15:58:50', '2018-08-11 15:58:50'),
(6, 'Técnico en comercialización de productos masivos','2018-08-11 15:58:50', '2018-08-11 15:58:50'),
(7, 'Técnico en operaciones comerciales','2018-08-11 15:58:50', '2018-08-11 15:58:50'),
(8, 'Especialización tecnologica en diseño y desarrollo de investigación de mercadeo' ,'2018-08-11 15:58:50', '2018-08-11 15:58:50'),
(9, 'Especialización tecnologica en marketing y modelo de negocio online','2018-08-11 15:58:50', '2018-08-11 15:58:50'),

(10, 'Tecnólogo en animación 3D','2018-08-11 15:58:50', '2018-08-11 15:58:50'),
(11,'Tecnólogo en escritura para productos audiovisuales','2018-08-11 15:58:50', '2018-08-11 15:58:50'),
(12, 'Tecnólogo en producción de medios audiovisuales digitales','2018-08-11 15:58:50', '2018-08-11 15:58:50'),
(13, 'Tecnólogo producción de multimedia','2018-08-11 15:58:50', '2018-08-11 15:58:50'),
(14, 'Técnico en diseño e integración de multimedia','2018-08-11 15:58:50', '2018-08-11 15:58:50'),
(15, 'Técnico en operación de camaras y luces de televisión','2018-08-11 15:58:50', '2018-08-11 15:58:50'),

(16, 'Tecnólogo en gestión de redes de datos','2018-08-11 15:58:50', '2018-08-11 15:58:50'),
(17, 'Tecnólogo en mantenimiento de equipos de computo, diseño e instalaciòn de cableado estructurado','2018-08-11 15:58:50', '2018-08-11 15:58:50'),
(18, 'Tecnólogo en desarrollo de videojuegos','2018-08-11 15:58:50', '2018-08-11 15:58:50'),
(19, 'Tecnólogo en analisis y desarrollo de sistemas de información','2018-08-11 15:58:50', '2018-08-11 15:58:50'),
(20, 'Técnico en mantenimiento de equipos de computos','2018-08-11 15:58:50', '2018-08-11 15:58:50'),
(21, 'Especialización tecnóloga en desarrollo de aplicaciones para dispositivos moviles','2018-08-11 15:58:50', '2018-08-11 15:58:50'),
(22, 'Especialización tecnólogica en gestión y seguridad de bases de datos','2018-08-11 15:58:50', '2018-08-11 15:58:50'),

(23, 'Tecnólogo en gestión logistica','2018-08-11 15:58:50', '2018-08-11 15:58:50'),
(24, 'Tecnólogo en logistica del transporte','2018-08-11 15:58:50', '2018-08-11 15:58:50'),
(25, 'Técnico en desarrollo de operaciones logisticas de abastecimiento','2018-08-11 15:58:50', '2018-08-11 15:58:50'),
(26, 'Técnico en comercio internacional','2018-08-11 15:58:50', '2018-08-11 15:58:50'),
(27, 'Auxiliar en apoyo logístico a eventos y servicios empresariales','2018-08-11 15:58:50', '2018-08-11 15:58:50'),
(28, 'Auxiliar en almacenamiento, empaque y embalaje de objetos','2018-08-11 15:58:50', '2018-08-11 15:58:50');

INSERT INTO `barrio` (`cod_barrio`, `cod_corregimiento`, `cod_comuna`, `nombre_barrio`, `created_barrio`, `update_barrio`) VALUES
(1, 0, 1, 'Canaima', '2018-08-11 1:30:35', '2018-08-11 1:30:35'),
(2, 0, 1, 'Altos de serrezuela', '2018-08-11 1:30:35', '2018-08-11 1:30:35'),
(3, 0, 1, 'El pite', '2018-08-11 1:30:35', '2018-08-11 1:30:35'),
(4, 0, 1, 'Barrancas', '2018-08-11 1:30:35', '2018-08-11 1:30:35'),
(5, 0, 1, 'Bella suiza', '2018-08-11 1:30:35', '2018-08-11 1:30:35'),
(6, 0, 1, 'Bellavista', '2018-08-11 1:30:35', '2018-08-11 1:30:35'),
(7, 0, 1, 'El pedregal', '2018-08-11 1:30:35', '2018-08-11 1:30:35'),
(8, 0, 1, 'La esperanza', '2018-08-11 1:30:35', '2018-08-11 1:30:35'),
(9, 0, 1, 'Campo alegre', '2018-08-11 1:30:35', '2018-08-11 1:30:35'),
(10, 0, 1, 'Santa paula', '2018-08-11 1:30:35', '2018-08-11 1:30:35'),
(11, 0, 2, 'Chicó reservado', '2018-08-11 1:30:35', '2018-08-11 1:30:35'),
(12, 0, 2, 'Chicó alto', '2018-08-11 1:30:35', '2018-08-11 1:30:35'),
(13, 0, 2, 'La salle', '2018-08-11 1:30:35', '2018-08-11 1:30:35'),
(14, 0, 2, 'Las acacias', '2018-08-11 1:30:35', '2018-08-11 1:30:35'),
(15, 0, 2, 'Los olivos', '2018-08-11 1:30:35', '2018-08-11 1:30:35'),
(16, 0, 2, 'Chicó norte', '2018-08-11 1:30:35', '2018-08-11 1:30:35'),
(17, 0, 2, 'Chicó norte II', '2018-08-11 1:30:35', '2018-08-11 1:30:35'),
(18, 0, 2, 'Chicó norte III', '2018-08-11 1:30:35', '2018-08-11 1:30:35'),
(19, 0, 2, 'El retiro', '2018-08-11 1:30:35', '2018-08-11 1:30:35'),
(20, 0, 2, 'Chapinero norte', '2018-08-11 1:30:35', '2018-08-11 1:30:35'),
(21, 0, 3, 'La merced', '2018-08-11 1:30:35', '2018-08-11 1:30:35'),
(22, 0, 3, 'Parque centran bavaria', '2018-08-11 1:30:35', '2018-08-11 1:30:35'),
(23, 0, 3, 'Sagrado corazón', '2018-08-11 1:30:35', '2018-08-11 1:30:35'),
(24, 0, 3, 'San diego', '2018-08-11 1:30:35', '2018-08-11 1:30:35'),
(25, 0, 3, 'Samper', '2018-08-11 1:30:35', '2018-08-11 1:30:35'),
(26, 0, 3, 'San martin', '2018-08-11 1:30:35', '2018-08-11 1:30:35'),
(27, 0, 3, 'Bosque izquierdo', '2018-08-11 1:30:35', '2018-08-11 1:30:35'),
(28, 0, 3, 'Germania', '2018-08-11 1:30:35', '2018-08-11 1:30:35'),
(29, 0, 3, 'La macarena', '2018-08-11 1:30:35', '2018-08-11 1:30:35'),
(30, 0, 3, 'Veracruz', '2018-08-11 1:30:35', '2018-08-11 1:30:35'),
(31, 0, 4, 'Aguas claras', '2018-08-11 1:30:35', '2018-08-11 1:30:35'),
(32, 0, 4, 'Altos de zipa', '2018-08-11 1:30:35', '2018-08-11 1:30:35'),
(33, 0, 4, 'Amapolas II', '2018-08-11 1:30:35', '2018-08-11 1:30:35'),
(34, 0, 4, 'Balcón de la castaña', '2018-08-11 1:30:35', '2018-08-11 1:30:35'),
(35, 0, 4, 'La cecilia', '2018-08-11 1:30:35', '2018-08-11 1:30:35'),
(36, 0, 4, 'Modelo sur', '2018-08-11 1:30:35', '2018-08-11 1:30:35'),
(37, 0, 4, 'San luis', '2018-08-11 1:30:35', '2018-08-11 1:30:35'),
(38, 0, 4, 'La colmena', '2018-08-11 1:30:35', '2018-08-11 1:30:35'),
(39, 0, 4, 'Moralba', '2018-08-11 1:30:35', '2018-08-11 1:30:35'),
(40, 0, 4, 'Malbinas', '2018-08-11 1:30:35', '2018-08-11 1:30:35'),
(41, 0, 5, 'La fiscala', '2018-08-11 1:30:35', '2018-08-11 1:30:35'),
(42, 0, 5, 'La morena', '2018-08-11 1:30:35', '2018-08-11 1:30:35'),
(43, 0, 5, 'Buenos aires', '2018-08-11 1:30:35', '2018-08-11 1:30:35'),
(44, 0, 5, 'Alfonso lopez', '2018-08-11 1:30:35', '2018-08-11 1:30:35'),
(45, 0, 5, 'Comuneros', '2018-08-11 1:30:35', '2018-08-11 1:30:35'),
(46, 0, 5, 'Casa rey', '2018-08-11 1:30:35', '2018-08-11 1:30:35'),
(47, 0, 5, 'Bulevar', '2018-08-11 1:30:35', '2018-08-11 1:30:35'),
(48, 0, 5, 'Casa loma II', '2018-08-11 1:30:35', '2018-08-11 1:30:35'),
(49, 0, 5, 'San juan II', '2018-08-11 1:30:35', '2018-08-11 1:30:35'),
(50, 0, 5, 'Olivares', '2018-08-11 1:30:35', '2018-08-11 1:30:35'),
(51, 0, 6, 'Fátima', '2018-08-11 1:30:35', '2018-08-11 1:30:35'),
(52, 0, 6, 'Isla del sol', '2018-08-11 1:30:35', '2018-08-11 1:30:35'),
(53, 0, 6, 'Laguneta', '2018-08-11 1:30:35', '2018-08-11 1:30:35'),
(54, 0, 6, 'Nuevo muzú', '2018-08-11 1:30:35', '2018-08-11 1:30:35'),
(55, 0, 6, 'Rincón de muzú', '2018-08-11 1:30:35', '2018-08-11 1:30:35'),
(56, 0, 6, 'Rincón de venecia', '2018-08-11 1:30:35', '2018-08-11 1:30:35'),
(57, 0, 6, 'Samore', '2018-08-11 1:30:35', '2018-08-11 1:30:35'),
(58, 0, 6, 'San vicente ferrer', '2018-08-11 1:30:35', '2018-08-11 1:30:35'),
(59, 0, 6, 'San benito', '2018-08-11 1:30:35', '2018-08-11 1:30:35'),
(60, 0, 6, 'San carlos', '2018-08-11 1:30:35', '2018-08-11 1:30:35'),
(61, 0, 7, 'Jardines del apogeo', '2018-08-11 1:30:35', '2018-08-11 1:30:35'),
(62, 0, 7, 'Amaru', '2018-08-11 1:30:35', '2018-08-11 1:30:35'),
(63, 0, 7, 'La esmeralda', '2018-08-11 1:30:35', '2018-08-11 1:30:35'),
(64, 0, 7, 'La esperanza', '2018-08-11 1:30:35', '2018-08-11 1:30:35'),
(65, 0, 7, 'Fontanar', '2018-08-11 1:30:35', '2018-08-11 1:30:35'),
(66, 0, 7, 'Villa de suaita', '2018-08-11 1:30:35', '2018-08-11 1:30:35'),
(67, 0, 7, 'Villa natalia', '2018-08-11 1:30:35', '2018-08-11 1:30:35'),
(68, 0, 7, 'Anda lucia I', '2018-08-11 1:30:35', '2018-08-11 1:30:35'),
(69, 0, 7, 'Campo hermoso', '2018-08-11 1:30:35', '2018-08-11 1:30:35'),
(71, 0, 8, 'Villa emilia', '2018-08-11 1:30:35', '2018-08-11 1:30:35'),
(72, 0, 8, 'Fundadores', '2018-08-11 1:30:35', '2018-08-11 1:30:35'),
(73, 0, 8, 'Anda lucia I', '2018-08-11 1:30:35', '2018-08-11 1:30:35'),
(74, 0, 8, 'Calarcá I', '2018-08-11 1:30:35', '2018-08-11 1:30:35'),
(75, 0, 8, 'Las luces', '2018-08-11 1:30:35', '2018-08-11 1:30:35'),
(76, 0, 8, 'Las margaritas', '2018-08-11 1:30:35', '2018-08-11 1:30:35'),
(77, 0, 8, 'Lusitania', '2018-08-11 1:30:35', '2018-08-11 1:30:35'),
(78, 0, 8, 'Marcella', '2018-08-11 1:30:35', '2018-08-11 1:30:35'),
(79, 0, 8, 'Villa alsaci', '2018-08-11 1:30:35', '2018-08-11 1:30:35'),
(80, 0, 8, 'Patio bonito', '2018-08-11 1:30:35', '2018-08-11 1:30:35'),
(81, 0, 9, 'Arabia', '2018-08-11 1:30:35', '2018-08-11 1:30:35'),
(82, 0, 9, 'El guadual', '2018-08-11 1:30:35', '2018-08-11 1:30:35'),
(83, 0, 9, 'La laguna','2018-08-11 1:30:35', '2018-08-11 1:30:35'),
(84, 0, 9, 'Las flores', '2018-08-11 1:30:35', '2018-08-11 1:30:35'),
(85, 0, 9, 'Las brisas', '2018-08-11 1:30:35', '2018-08-11 1:30:35'),
(86, 0, 9, 'Valle verde', '2018-08-11 1:30:35', '2018-08-11 1:30:35'),
(87, 0, 9, 'Vera cruz', '2018-08-11 1:30:35', '2018-08-11 1:30:35'),
(88, 0, 9, 'Versalles', '2018-08-11 1:30:35', '2018-08-11 1:30:35'),
(89, 0, 9, 'Puente grande', '2018-08-11 1:30:35', '2018-08-11 1:30:35'),
(90, 0, 9, 'San pabl', '2018-08-11 1:30:35', '2018-08-11 1:30:35'),
(91, 0, 10, 'Acapulco', '2018-08-11 1:30:35', '2018-08-11 1:30:35'),
(92, 0, 10, 'Bellavista ocidental', '2018-08-11 1:30:35', '2018-08-11 1:30:35'),
(93, 0, 10, 'La bonanza', '2018-08-11 1:30:35', '2018-08-11 1:30:35'),
(94, 0, 10, 'Bosque popular', '2018-08-11 1:30:35', '2018-08-11 1:30:35'),
(95, 0, 10, 'La estradita', '2018-08-11 1:30:35', '2018-08-11 1:30:35'),
(96, 0, 10, 'Palo blanco', '2018-08-11 1:30:35', '2018-08-11 1:30:35'),
(97, 0, 10, 'Anda lucia', '2018-08-11 1:30:35', '2018-08-11 1:30:35'),
(98, 0, 10, 'Bochica', '2018-08-11 1:30:35', '2018-08-11 1:30:35'),
(99, 0, 10, 'Bolivia','2018-08-11 1:30:35', '2018-08-11 1:30:35'),
(100, 0, 10, 'San ignacio', '2018-08-11 1:30:35', '2018-08-11 1:30:35'),
(101, 0, 11, 'Atenas','2018-08-11 1:30:35', '2018-08-11 1:30:35'),
(102, 0, 11, 'Villa luci', '2018-08-11 1:30:35', '2018-08-11 1:30:35'),
(103, 0, 11, 'Batán', '2018-08-11 1:30:35', '2018-08-11 1:30:35'),
(104, 0, 11, 'Java', '2018-08-11 1:30:35', '2018-08-11 1:30:35'),
(105, 0, 11, 'El salitre', '2018-08-11 1:30:35', '2018-08-11 1:30:35'),
(106, 0, 11, 'La fontana', '2018-08-11 1:30:35', '2018-08-11 1:30:35'),
(107, 0, 11, 'San pedro', '2018-08-11 1:30:35', '2018-08-11 1:30:35'),
(108, 0, 11, 'El cedro', '2018-08-11 1:30:35', '2018-08-11 1:30:35'),
(109, 0, 11, 'Taberín', '2018-08-11 1:30:35', '2018-08-11 1:30:35'),
(110, 0, 11, 'Julio florez', '2018-08-11 1:30:35', '2018-08-11 1:30:35'),
(111, 0, 12, 'Doce de Octubre', '2018-08-11 1:30:35', '2018-08-11 1:30:35'),
(112, 0, 12, 'Entre ríos','2018-08-11 1:30:35', '2018-08-11 1:30:35'),
(113, 0, 12, 'La patria', '2018-08-11 1:30:35', '2018-08-11 1:30:35'),
(114, 0, 12, 'Alcázares norte', '2018-08-11 1:30:35', '2018-08-11 1:30:35'),
(115, 0, 12, 'La paz', '2018-08-11 1:30:35', '2018-08-11 1:30:35'),
(116, 0, 12, 'Rafael uribe uribe', '2018-08-11 1:30:35', '2018-08-11 1:30:35'),
(117, 0, 12, 'San felipe', '2018-08-11 1:30:35', '2018-08-11 1:30:35'),
(118, 0, 12, 'El rosario', '2018-08-11 1:30:35', '2018-08-11 1:30:35'),
(119, 0, 12, 'Siete de agosto', '2018-08-11 1:30:35', '2018-08-11 1:30:35'),
(120, 0, 12, 'Baquero', '2018-08-11 1:30:35', '2018-08-11 1:30:35'),
(121, 0, 13, 'El campín', '2018-08-11 1:30:35', '2018-08-11 1:30:35'),
(122, 0, 13, 'San luis', '2018-08-11 1:30:35', '2018-08-11 1:30:35'),
(123, 0, 13, 'La soledad', '2018-08-11 1:30:35', '2018-08-11 1:30:35'),
(124, 0, 13, 'Santa tereista', '2018-08-11 1:30:35', '2018-08-11 1:30:35'),
(125, 0, 13, 'La magdalena', '2018-08-11 1:30:35', '2018-08-11 1:30:35'),
(126, 0, 13, 'Teusaquillo', '2018-08-11 1:30:35', '2018-08-11 1:30:35'),
(127, 0, 13, 'Quita paredes', '2018-08-11 1:30:35', '2018-08-11 1:30:35'),
(128, 0, 13, 'Ortezal', '2018-08-11 1:30:35', '2018-08-11 1:30:35'),
(129, 0, 13, 'El recuerdo', '2018-08-11 1:30:35', '2018-08-11 1:30:35'),
(130, 0, 13, 'Gran america', '2018-08-11 1:30:35', '2018-08-11 1:30:35'),
(131, 0, 14, 'El listón', '2018-08-11 1:30:35', '2018-08-11 1:30:35'),
(132, 0, 14, 'La favorita', '2018-08-11 1:30:35', '2018-08-11 1:30:35'),
(133, 0, 14, 'La pepita', '2018-08-11 1:30:35', '2018-08-11 1:30:35'),
(134, 0, 14, 'Paloquemado', '2018-08-11 1:30:35', '2018-08-11 1:30:35'),
(135, 0, 14, 'Ricaurte', '2018-08-11 1:30:35', '2018-08-11 1:30:35'),
(136, 0, 14, 'Santa fe', '2018-08-11 1:30:35', '2018-08-11 1:30:35'),
(137, 0, 14, 'Voto nacional', '2018-08-11 1:30:35', '2018-08-11 1:30:35'),
(138, 0, 14, 'El vergel', '2018-08-11 1:30:35', '2018-08-11 1:30:35'),
(139, 0, 14, 'Veraguas', '2018-08-11 1:30:35', '2018-08-11 1:30:35'),
(140, 0, 14, 'Buelvar de Sansfacon', '2018-08-11 1:30:35', '2018-08-11 1:30:35'),
(141, 0, 15, 'Policarpa', '2018-08-11 1:30:35', '2018-08-11 1:30:35'),
(142, 0, 15, 'Caracas', '2018-08-11 1:30:35', '2018-08-11 1:30:35'),
(143, 0, 15, 'San jorge central', '2018-08-11 1:30:35', '2018-08-11 1:30:35'),
(144, 0, 15, 'San antonio', '2018-08-11 1:30:35', '2018-08-11 1:30:35'),
(145, 0, 15, 'La fraguita', '2018-08-11 1:30:35', '2018-08-11 1:30:35'),
(146, 0, 15, 'Santander', '2018-08-11 1:30:35', '2018-08-11 1:30:35'),
(147, 0, 15, 'Restrepo', '2018-08-11 1:30:35', '2018-08-11 1:30:35'),
(148, 0, 15, 'Seviila', '2018-08-11 1:30:35', '2018-08-11 1:30:35'),
(148, 0, 15, 'Luna park', '2018-08-11 1:30:35', '2018-08-11 1:30:35'),
(149, 0, 15, 'La hortúa', '2018-08-11 1:30:35', '2018-08-11 1:30:35'),
(150, 0, 15, 'Ciudad jardín', '2018-08-11 1:30:35', '2018-08-11 1:30:35'),
(151, 0, 16, 'La guaca', '2018-08-11 1:30:35', '2018-08-11 1:30:35'),
(152, 0, 16, 'Bochica', '2018-08-11 1:30:35', '2018-08-11 1:30:35'),
(153, 0, 16, 'Carabelas', '2018-08-11 1:30:35', '2018-08-11 1:30:35'),
(154, 0, 16, 'Ciudad montes', '2018-08-11 1:30:35', '2018-08-11 1:30:35'),
(155, 0, 16, 'El sol', '2018-08-11 1:30:35', '2018-08-11 1:30:35'),
(156, 0, 16, 'Jazmín', '2018-08-11 1:30:35', '2018-08-11 1:30:35'),
(157, 0, 16, 'Villa inés', '2018-08-11 1:30:35', '2018-08-11 1:30:35'),
(158, 0, 16, 'La camelia', '2018-08-11 1:30:35', '2018-08-11 1:30:35'),
(159, 0, 16, 'Muzú', '2018-08-11 1:30:35', '2018-08-11 1:30:35'),
(160, 0, 16, 'Tibaná', '2018-08-11 1:30:35', '2018-08-11 1:30:35'),
(161, 0, 17, 'La catedral', '2018-08-11 1:30:35', '2018-08-11 1:30:35'),
(162, 0, 17, 'La concordia', '2018-08-11 1:30:35', '2018-08-11 1:30:35'),
(163, 0, 17, 'Las aguas', '2018-08-11 1:30:35', '2018-08-11 1:30:35'),
(164, 0, 17, 'Centro administrativo', '2018-08-11 1:30:35', '2018-08-11 1:30:35'),
(165, 0, 17, 'Egipto', '2018-08-11 1:30:35', '2018-08-11 1:30:35'),
(166, 0, 17, 'Belén', '2018-08-11 1:30:35', '2018-08-11 1:30:35'),
(167, 0, 17, 'Santa bárbara ', '2018-08-11 1:30:35', '2018-08-11 1:30:35'),
(168, 0, 17, 'Pijados', '2018-08-11 1:30:35', '2018-08-11 1:30:35'),
(169, 0, 17, 'Santa lucía', '2018-08-11 1:30:35', '2018-08-11 1:30:35'),
(170, 0, 17, 'San luis sur', '2018-08-11 1:30:35', '2018-08-11 1:30:35'),
(171, 0, 18, 'Sociego sur', '2018-08-11 1:30:35', '2018-08-11 1:30:35'),
(172, 0, 18, 'Claret', '2018-08-11 1:30:35', '2018-08-11 1:30:35'),
(173, 0, 18, 'Bravo paez', '2018-08-11 1:30:35', '2018-08-11 1:30:35'),
(174, 0, 18, 'Centenario', '2018-08-11 1:30:35', '2018-08-11 1:30:35'),
(175, 0, 18, 'Colinas', '2018-08-11 1:30:35', '2018-08-11 1:30:35'),
(176, 0, 18, 'Puerto rico', '2018-08-11 1:30:35', '2018-08-11 1:30:35'),
(177, 0, 18, 'Diana turbay', '2018-08-11 1:30:35', '2018-08-11 1:30:35'),
(178, 0, 18, 'El portal', '2018-08-11 1:30:35', '2018-08-11 1:30:35'),
(179, 0, 18, 'Palermo sur', '2018-08-11 1:30:35', '2018-08-11 1:30:35'),
(180, 0, 18, 'El rosario', '2018-08-11 1:30:35', '2018-08-11 1:30:35'),
(181, 0, 19, 'La lira', '2018-08-11 1:30:35', '2018-08-11 1:30:35'),
(182, 0, 19, 'El pedregal', '2018-08-11 1:30:35', '2018-08-11 1:30:35'),
(183, 0, 19, 'Las manas', '2018-08-11 1:30:35', '2018-08-11 1:30:35'),
(184, 0, 19, 'Lagunitas', '2018-08-11 1:30:35', '2018-08-11 1:30:35'),
(185, 0, 19, 'Paticos', '2018-08-11 1:30:35', '2018-08-11 1:30:35'),
(186, 0, 19, 'Barranquitos', '2018-08-11 1:30:35', '2018-08-11 1:30:35'),
(187, 0, 19, 'Atlanta','2018-08-11 1:30:35', '2018-08-11 1:30:35'),
(188, 0, 19, 'Santa viviana', '2018-08-11 1:30:35', '2018-08-11 1:30:35'),
(189, 0, 19, 'Potosí','2018-08-11 1:30:35', '2018-08-11 1:30:35'),
(190, 0, 19, 'Verona', '2018-08-11 1:30:35', '2018-08-11 1:30:35'),
(191, 0, 20, 'La unión', '2018-08-11 1:30:35', '2018-08-11 1:30:35'),
(192, 0, 20, 'Los ríos', '2018-08-11 1:30:35', '2018-08-11 1:30:35'),
(193, 0, 20, 'Tabaco', '2018-08-11 1:30:35', '2018-08-11 1:30:35'),
(194, 0, 20, 'Raizal', '2018-08-11 1:30:35', '2018-08-11 1:30:35'),
(195, 0, 20, 'Peñaliza', '2018-08-11 1:30:35', '2018-08-11 1:30:35'),
(196, 0, 20, 'Laguna verde','2018-08-11 1:30:35', '2018-08-11 1:30:35'),
(197, 0, 20, 'Las palmas', '2018-08-11 1:30:35', '2018-08-11 1:30:35'),
(198, 0, 20, 'Las sopas', '2018-08-11 1:30:35', '2018-08-11 1:30:35'),
(199, 0, 20, 'Las animas', '2018-08-11 1:30:35', '2018-08-11 1:30:35'),
(200, 0, 20, 'Santa rosa', '2018-08-11 1:30:35', '2018-08-11 1:30:35');

INSERT INTO `categoriasclases` (`cod_categorias_clases`, `nombre_categorias_clases`, `created_categorias_clases`, `updated_categorias_clases`) VALUES
(1, `Diseño` , `2018-08-11 12:55:50` ,`2018-08-11 15:58:50`)
(2, `Producción audiovisual` , `2018-08-11 12:55:50` ,`2018-08-11 15:58:50`)
(3, `Proyecto` , `2018-08-11 12:55:50` , '2018-08-11 1:30:35', '2018-08-11 1:30:35')
(4, `Programación` , `2018-08-11 12:55:50` ,`2018-08-11 15:58:50`)
(5, `Base de datos`, `2018-08-11 12:55:50`, `2018-08-11 15:58:50`);

INSERT INTO `categoriasproyecto`
(`cod_categorias_proyecto`, `nombre_categorias_proyecto`, `created_categorias_proyecto`, `update_categorias_proyecto`) VALUES
(1, `Cultura`, `2018-08-11 1:30:35`, `2018-08-11 1:30:35`)
(2, `Tecnológica y comercialización`, `2018-08-11 1:30:35`, `2018-08-11 1:30:35`)
(3, `Medio Ambiente`, `2018-08-11 1:30:35`, `2018-08-11 1:30:35`)
(4, `Sastreria`, `2018-08-11 1:30:35`, `2018-08-11 1:30:35`);

INSERT INTO `ciudad` (`cod_ciudad`, `cod_depart`, `nombre_ciudad`, `created_ciudad`, `update_ciudad`) VALUES
(1, 1, 'Leticia', '2018-08-11 1:30:35', '2018-08-11 1:30:35'),
(2, 2, 'Medellín', '2018-08-11 1:30:35', '2018-08-11 1:30:35'),
(3, 3, 'Arauca', '2018-08-11 1:30:35', '2018-08-11 1:30:35'),
(4, 4, 'Barranquilla', '2018-08-11 1:30:35', '2018-08-11 1:30:35'),
(5, 5, 'Cartagena de Indias', '2018-08-11 1:30:35', '2018-08-11 1:30:35'),
(6, 6, 'Tunja', '2018-08-11 1:30:35', '2018-08-11 1:30:35'),
(7, 7, 'Manizales', '2018-08-11 1:30:35', '2018-08-11 1:30:35'),
(8, 8, 'Florencia', '2018-08-11 1:30:35', '2018-08-11 1:30:35'),
(9, 9, 'Yopal', '2018-08-11 1:30:35', '2018-08-11 1:30:35'),
(10, 10, 'Popayán', '2018-08-11 1:30:35', '2018-08-11 1:30:35'),
(11, 11, 'Valledupar', '2018-08-11 1:30:35', '2018-08-11 1:30:35'),
(12, 12, 'Quibdó', '2018-08-11 1:30:35', '2018-08-11 1:30:35'),
(13, 13, 'Montería', '2018-08-11 1:30:35', '2018-08-11 1:30:35'),
(14, 14, 'Bogotá', '2018-08-11 1:30:35', '2018-08-11 1:30:35'),
(15, 15, 'Inírida', '2018-08-11 1:30:35', '2018-08-11 1:30:35'),
(16, 16, 'San José del Guaviare', '2018-08-11 1:30:35', '2018-08-11 1:30:35'),
(17, 17, 'Neiva', '2018-08-11 1:30:35', '2018-08-11 1:30:35'),
(18, 18, 'Rioacha', '2018-08-11 1:30:35', '2018-08-11 1:30:35'),
(19, 19, 'Santa Marta', '2018-08-11 1:30:35', '2018-08-11 1:30:35'),
(20, 20, 'Villavicencio', '2018-08-11 1:30:35', '2018-08-11 1:30:35'),
(21, 21, 'Pasto', '2018-08-11 1:30:35', '2018-08-11 1:30:35'),
(22, 22, 'San José de Cúcuta', '2018-08-11 1:30:35', '2018-08-11 1:30:35'),
(23, 23, 'Mocoa', '2018-08-11 1:30:35', '2018-08-11 1:30:35'),
(24, 24, 'Armenia', '2018-08-11 1:30:35', '2018-08-11 1:30:35'),
(25, 25, 'Pereira', '2018-08-11 1:30:35', '2018-08-11 1:30:35'),
(26, 26, 'San Andrés', '2018-08-11 1:30:35', '2018-08-11 1:30:35'),
(27, 27, 'Bucaramanga', '2018-08-11 1:30:35', '2018-08-11 1:30:35'),
(28, 28, 'Sincelejo', '2018-08-11 1:30:35', '2018-08-11 1:30:35'),
(29, 29, 'Ibagué', '2018-08-11 1:30:35', '2018-08-11 1:30:35'),
(30, 30, 'Cali', '2018-08-11 1:30:35', '2018-08-11 1:30:35'),
(31, 31, 'Mitú', '2018-08-11 1:30:35', '2018-08-11 1:30:35'),
(32, 32, 'Puerto Carreño', '2018-08-11 1:30:35', '2018-08-11 1:30:35');

INSERT INTO `clases`
(`cod_clase`, `cod_categorias_clases`, `nombre_clase`, `created_clases`, `update_clases` ) VALUES
(1, 1, `Illustrator`, `2018-08-11 1:30:35`, `2018-08-11 1:30:35`)
(2, 1, `Photoshop`, `2018-08-11 1:30:35`, `2018-08-11 1:30:35`)
(3, 2, `After Effects`, `2018-08-11 1:30:35`, `2018-08-11 1:30:35`)
(4, 2, `Motion Graphics`, `2018-08-11 1:30:35`, `2018-08-11 1:30:35`)
(5, 3, `Lluvida de ideas`, `2018-08-11 1:30:35`, `2018-08-11 1:30:35`)
(6, 3, `Diagrama de gantt`, `2018-08-11 1:30:35`, `2018-08-11 1:30:35`)
(7, 4, `Php`, `2018-08-11 1:30:35`, `2018-08-11 1:30:35`)
(8, 4, `Javascript`, `2018-08-11 1:30:35`, `2018-08-11 1:30:35`)
(9, 5, `Sql`, `2018-08-11 1:30:35`, `2018-08-11 1:30:35`);

INSERT INTO `comuna` (`cod_comuna`, `nombre_comuna`, `created_comuna`, `updated_comuna`) VALUES
(1, 'Usaquén', '2018-08-11 1:30:35', '2018-08-11 1:30:35'),
(2, 'Chapinero', '2018-08-11 1:30:35', '2018-08-11 1:30:35'),
(3, 'Santa Fe', '2018-08-11 1:30:35', '2018-08-11 1:30:35'),
(4, 'San Cristóbal', '2018-08-11 1:30:35', '2018-08-11 1:30:35'),
(5, 'Usme', '2018-08-11 1:30:35', '2018-08-11 1:30:35'),
(6, 'Tunjuelito', '2018-08-11 1:30:35', '2018-08-11 1:30:35'),
(7, 'Bosa', '2018-08-11 1:30:35', '2018-08-11 1:30:35'),
(8, 'Kennedy', '2018-08-11 1:30:35', '2018-08-11 1:30:35'),
(9, 'Fontibón', '2018-08-11 1:30:35', '2018-08-11 1:30:35'),
(10, 'Engativá', '2018-08-11 1:30:35', '2018-08-11 1:30:35'),
(11, 'Suba', '2018-08-11 1:30:35', '2018-08-11 1:30:35'),
(12, 'Barrios Unidos', '2018-08-11 1:30:35', '2018-08-11 1:30:35'),
(13, 'Teusaquillo', '2018-08-11 1:30:35', '2018-08-11 1:30:35'),
(14, 'Los Mártires', '2018-08-11 1:30:35', '2018-08-11 1:30:35'),
(15, 'Antonio Nariño', '2018-08-11 1:30:35', '2018-08-11 1:30:35'),
(16, 'Puente Aranda', '2018-08-11 1:30:35', '2018-08-11 1:30:35'),
(17, 'La Candelaria', '2018-08-11 1:30:35', '2018-08-11 1:30:35'),
(18, 'Rafael Uribe Uribe', '2018-08-11 1:30:35', '2018-08-11 1:3'),
(19, 'Ciudad Bolívar', '2018-08-11 1:30:35', '2018-08-11 1:30:35'),
(20, 'Sumapaz', '2018-08-11 1:30:35', '2018-08-11 1:30:35');

INSERT INTO `corregimiento` (`cod_corregimiento`, `cod_ciudad`, `nombre_corregimiento`, `created_corregimiento`, `updated_corregimiento`) VALUES
(1, 1, 'El Encanto', '2018-08-11 1:30:35', '2018-08-11 1:30:35'),
(2, 2, 'San Antonio de Prado', '2018-08-11 1:30:35', '2018-08-11 1:30:35'),
(3, 3, 'Arauca', '2018-08-11 1:30:35', '2018-08-11 1:30:35'),
(4, 4, 'Juan Mina', '2018-08-11 1:30:35', '2018-08-11 1:30:35'),
(5, 5, 'La Boquilla', '2018-08-11 1:30:35', '2018-08-11 1:30:35'),
(6, 6, 'Tunja', '2018-08-11 1:30:35', '2018-08-11 1:30:35'),
(7, 7, 'Cristalina', '2018-08-11 1:30:35', '2018-08-11 1:30:35'),
(8, 8, 'Danubio', '2018-08-11 1:30:35', '2018-08-11 1:30:35'),
(9, 9, 'El Charte', '2018-08-11 1:30:35', '2018-08-11 1:30:35'),
(10, 10, 'Los Cerillos', '2018-08-11 1:30:35', '2018-08-11 1:30:35'),
(11, 11, 'Guatapurí', '2018-08-11 1:30:35', '2018-08-11 1:30:35'),
(12, 12, 'Altagracia', '2018-08-11 1:30:35', '2018-08-11 1:30:35'),
(13, 13, 'Lomas Verdes', '2018-08-11 1:30:35', '2018-08-11 1:30:35'),
(0, 14, '', '2018-08-11 1:30:35', '2018-08-11 1:30:35'),
(15, 15, 'Barranco Tigre', '2018-08-11 1:30:35', '2018-08-11 1:30:35'),
(16, 16, 'San José del Guaviare', '2018-08-11 1:30:35', '2018-08-11 1:30:35'),
(17, 17, 'Aipecito', '2018-08-11 1:30:35', '2018-08-11 1:30:35'),
(18, 18, 'Camarones', '2018-08-11 1:30:35', '2018-08-11 1:30:35'),
(19, 19, 'Guachaca', '2018-08-11 1:30:35', '2018-08-11 1:30:35'),
(20, 20, 'Nueva Granada', '2018-08-11 1:30:35', '2018-08-11 1:30:35'),
(21, 21, 'El Encano', '2018-08-11 1:30:35', '2018-08-11 1:30:35'),
(22, 22, 'Agua Clara', '2018-08-11 1:30:35', '2018-08-11 1:30:35'),
(23, 23, 'Villanueva', '2018-08-11 1:30:35', '2018-08-11 1:30:35'),
(0, 24, '', '2018-08-11 1:30:35', '2018-08-11 1:30:35'),
(25, 25, 'Altagracia', '2018-08-11 1:30:35', '2018-08-11 1:30:35'),
(26, 26, 'La Loma', '2018-08-11 1:30:35', '2018-08-11 1:30:35'),
(27, 27, 'Provenza', '2018-08-11 1:30:35', '2018-08-11 1:30:35'),
(28, 28, 'Laguna Flor', '2018-08-11 1:30:35', '2018-08-11 1:30:35'),
(29, 29, 'El Totumo', '2018-08-11 1:30:35', '2018-08-11 1:30:35'),
(30, 30, 'El Hormiguero', '2018-08-11 1:30:35', '2018-08-11 1:30:35'),
(31, 31, 'Tataira', '2018-08-11 1:30:35', '2018-08-11 1:30:35'),
(32, 32, 'Casuarito', '2018-08-11 1:30:35', '2018-08-11 1:30:35');
,
INSERT INTO `definiciones` (`cod_definiciones`, `cod_categorias_definiciones`, `detalles_definiciones`, `created_definiciones`, `updated_definiciones`) VALUES
(1, 1, `PHP (acrónimo recursivo de PHP: Hypertext Preprocesador) es un lenguaje de código abierto adecuado para el desarrollo web y que puede ser incrustado en HTML`,
`2018-08-11 15:58:50`, `2018-08-11 15:58:50`)
(2, 2, `SQL (Structured Query Language) es utilizado para la gestión de bases de datos`,
`2018-08-11 15:58:50`, `2018-08-11 15:58:50`)
(3, 3, `HTML (Hypertext Markup Language) es un lenguaje de marcado de etiquetas para la elaboración de páginas web`,
`2018-08-11 15:58:50`, `2018-08-11 15:58:50`)
(4, 4, `CSS (Cascading Style Sheets) es un lenguaje para definir la presentación que va a tener un documento estructurado`,
`2018-08-11 15:58:50`, `2018-08-11 15:58:50`);

INSERT INTO `departamento`
(`cod_depart`, `cod_pais`, `nombre_depart`, `created_depart`, `update_depart`) VALUES
(1, 5, 'Amazonas', '2018-08-11 1:30:35', '2018-08-11 1:30:35'),
(2, 5, 'Antioquia', '2018-08-11 1:30:35', '2018-08-11 1:30:35'),
(3, 5, 'Arauca', '2018-08-11 1:30:35', '2018-08-11 1:30:35'),
(4, 5, 'Atlántico', '2018-08-11 1:30:35', '2018-08-11 1:30:35'),
(5, 5, 'Bolívar', '2018-08-11 1:30:35', '2018-08-11 1:30:35'),
(6, 5, 'Boyacá', '2018-08-11 1:30:35', '2018-08-11 1:30:35'),
(7, 5, 'Caldas','2018-08-11 1:30:35', '2018-08-11 1:30:35'),
(8, 5, 'Caquetá', '2018-08-11 1:30:35', '2018-08-11 1:30:35'),
(9, 5, 'Casanare', '2018-08-11 1:30:35', '2018-08-11 1:30:35'),
(10, 5, 'Cauca', '2018-08-11 1:30:35', '2018-08-11 1:30:35'),
(11, 5, 'Cesar', '2018-08-11 1:30:35', '2018-08-11 1:30:35'),
(12, 5, 'Chocó', '2018-08-11 1:30:35', '2018-08-11 1:30:35'),
(13, 5, 'Córdoba', '2018-08-11 1:30:35', '2018-08-11 1:30:35'),
(14, 5, 'Cundinamarca', '2018-08-11 1:30:35', '2018-08-11 1:30:35'),
(15, 5, 'Guainía', '2018-08-11 1:30:35', '2018-08-11 1:30:35'),
(16, 5, 'Guaviare', '2018-08-11 1:30:35', '2018-08-11 1:30:35'),
(17, 5, 'Huila', '2018-08-11 1:30:35', '2018-08-11 1:30:35'),
(18, 5, 'La Guajira', '2018-08-11 1:30:35', '2018-08-11 1:30:35'),
(19, 5, 'Magdalena', '2018-08-11 1:30:35', '2018-08-11 1:30:35'),
(20, 5, 'Meta', '2018-08-11 1:30:35', '2018-08-11 1:30:35'),
(21, 5, 'Nariño', '2018-08-11 1:30:35', '2018-08-11 1:30:35'),
(22, 5, 'Norte de santander', '2018-08-11 1:30:35', '2018-08-11 1:30:35'),
(23, 5, 'Putumayo','2018-08-11 1:30:35', '2018-08-11 1:30:35'),
(24, 5, 'Quindío', '2018-08-11 1:30:35', '2018-08-11 1:30:35'),
(25, 5, 'Risaralda', '2018-08-11 1:30:35', '2018-08-11 1:30:35'),
(26, 5, 'San Andrés y Provivencia', '2018-08-11 1:30:35', '2018-08-11 1:30:35'),
(27, 5, 'Santander', '2018-08-11 1:30:35', '2018-08-11 1:30:35'),
(28, 5, 'Sucre', '2018-08-11 1:30:35', '2018-08-11 1:30:35'),
(29, 5, 'Tolima', '2018-08-11 1:30:35', '2018-08-11 1:30:35'),
(30, 5, 'Valle del cauca', '2018-08-11 1:30:35', '2018-08-11 1:30:35'),
(31, 5, 'Vaupés', '2018-08-11 1:30:35', '2018-08-11 1:30:35'),
(32, 5, 'Vichada', '2018-08-11 1:30:35', '2018-08-11 1:30:35');

INSERT INTO `estadoproyecto` (`cod_estado_proyecto`, `nombre_estado_proyecto`, `created_estado_proyecto`, `updated_estado_proyecto`) VALUES
(1, `Aprovado`, `2018-08-11 15:52:38`, `2018-08-11 15:58:50`)
(2, `No aprovado`, `2018-08-11 15:52:38`, `2018-08-11 15:58:50`)
(3, `Pendiente`, `2018-08-11 15:52:38`, `2018-08-11 15:58:50`);

INSERT INTO `fasesproyecto` (`cod_fase_proyecto`, `nombre_fase_proyecto`, `duracion_fase_proyecto` , `created_fase_proyecto` , `updated_fase_proyecto`) VALUES
(1, `Analisis` , `6_meses`, `2018-08-11 12:55:50` ,`2018-08-11 15:58:50`)
(2, `Ejecucion` , `6_meses` `2018-08-11 12:55:50` ,`2018-08-11 15:58:50`)
(3, `Evaluacion` , `6_meses` `2018-08-11 12:55:50` ,`2018-08-11 15:58:50`);

INSERT INTO `imagencategoria` (`cod_imagen_categoria`, `nombre_imagen_categoria`, `created_imagen_categoria`, `updated_imagen_categoria`) VALUES
(1, `Imagen proyecto`, `2018-08-11 15:10:50`, `2018-08-11 15:58:50`)
(2, `Imagen idea`, `2018-08-11 15:10:50`, `2018-08-11 15:58:50`)
(3, `Imagen usuario`, `2018-08-11 15:10:50`, `2018-08-11 15:58:50`);

INSERT INTO `pais` (`cod_pais`, `nombre_pais`, `postal_pais`, `created_pais`, `update_pais`) VALUES
(1, 'Argentina', '54', '2018-08-11 15:10:50', '2018-08-11 15:10:50'),
(2, 'Bolivia', '591', '2018-08-11 15:10:50', '2018-08-11 15:10:50'),
(3, 'Brasil', '55', '2018-08-11 15:10:50', '2018-08-11 15:10:50'),
(4, 'Chile', '56', '2018-08-11 15:10:50', '2018-08-11 15:10:50'),
(5, 'Colombia', '57', '2018-08-11 15:10:50', '2018-08-11 15:10:50'),
(6, 'Ecuador', '593', '2018-08-11 15:10:50', '2018-08-11 15:10:50'),
(7, 'Guyana', '92', '2018-08-11 15:10:50', '2018-08-11 15:10:50'),
(8, 'Paraguay', '595', '2018-08-11 15:10:50', '2018-08-11 15:10:50'),
(9, 'Peru', '51', '2018-08-11 15:10:50', '2018-08-11 15:10:50'),
(10, 'Surinam', '597', '2018-08-11 15:10:50', '2018-08-11 15:10:50'),
(11, 'Uruguay', '598', '2018-08-11 15:10:50', '2018-08-11 15:10:50'),
(12, 'Venezuela', '58', '2018-08-11 15:10:50', '2018-08-11 15:10:50');

INSERT INTO `terminos` (`cod_terminos`, `nombre_terminos`, `cod_definiciones`,`created_terminos`, `update_terminos`) VALUES
(1, 1, `php`, `2018-08-11 15:58:50`, `2018-08-11 15:58:50`)
(2, 2, `sql`, `2018-08-11 15:58:50`, `2018-08-11 15:58:50`)
(3, 3, `html`, `2018-08-11 15:58:50`, `2018-08-11 15:58:50`)
(4, 4, `css`, `2018-08-11 15:58:50`, `2018-08-11 15:58:50`);

INSERT INTO `tipodocumento` (`cod_tipo_documento` , `nombre_tipo_documento` , `created_tipo_documento` , `update_tipo_documento`) VALUES
(1, 'Cedula_ciudadania', '2018-08-11 12:55:50', '2018-08-11 15:58:50')
(2, 'Tarjeta_identidad' , '2018-08-11 12:55:50', '2018-08-11 15:58:50')
(3, 'Cedula_extranjeria', '2018-08-11 12:55:50', '2018-08-11 15:58:50')
(4, 'Pasaporte', '2018-08-11 12:55:50', '2018-08-11 15:58:50')
(5, 'Dni', '2018-08-11 12:55:50', '2018-08-11 15:58:50')
(6, 'Nit', '2018-08-11 12:55:50', '2018-08-11 15:58:50');

INSERT INTO `tipousuario` (`cod_tipo_users` , `nombre_tipo_users` , `created_tipo_users`, `update_tipo_users`) VALUES
(1, 'Aprendiz' , '2018-08-11 12:55:50' ,'2018-08-11 15:58:50')
(2, 'Instructor', '2018-08-11 12:55:50', '2018-08-11 15:58:50');

INSERT INTO `vereda`
(`cod_vereda`, `cod_corregimiento`, `nombre_vereda`, `created_vereda`, `update_vereda`) VALUES
(1, 1, '', '2018-08-11 12:55:50', '2018-08-11 15:58:50'),
(2, 2, 'Montañita', '2018-08-11 12:55:50', '2018-08-11 15:58:50'),
(3, 3, 'Monserrate', '2018-08-11 12:55:50', '2018-08-11 15:58:50'),
(4, 4, 'San jose', '2018-08-11 12:55:50', '2018-08-11 15:58:50'),
(5, 5, 'Manzanillo', '2018-08-11 12:55:50', '2018-08-11 15:58:50'),
(6, 6, 'La esperanza', '2018-08-11 12:55:50', '2018-08-11 15:58:50'),
(7, 7, 'El cascarero', '2018-08-11 12:55:50', '2018-08-11 15:58:50'),
(8, 8, 'los laureles', '2018-08-11 12:55:50', '2018-08-11 15:58:50'),
(9, 9, 'jordán', '2018-08-11 12:55:50', '2018-08-11 15:58:50'),
(10, 10, 'Las mercedes', '2018-08-11 12:55:50', '2018-08-11 15:58:50'),
(11, 11, 'San josé', '2018-08-11 12:55:50', '2018-08-11 15:58:50'),
(12, 12, 'El jazmín', '2018-08-11 12:55:50', '2018-08-11 15:58:50'),
(13, 13, 'Chely', '2018-08-11 12:55:50', '2018-08-11 15:58:50'),
(0, 0, '', '2018-08-11 12:55:50', '2018-08-11 15:58:50'),
(15, 15, 'Resguardo', '2018-08-11 12:55:50', '2018-08-11 15:58:50'),
(16, 16, 'Agua bonita', '2018-08-11 12:55:50', '2018-08-11 15:58:50'),
(17, 17, 'La florida', '2018-08-11 12:55:50', '2018-08-11 15:58:50'),
(18, 18, 'El camarón', '2018-08-11 12:55:50', '2018-08-11 15:58:50'),
(19, 19, 'Guachaca','2018-08-11 12:55:50', '2018-08-11 15:58:50'),
(20, 20, 'Tambora', '2018-08-11 12:55:50', '2018-08-11 15:58:50'),
(21, 21, 'Motilon', '2018-08-11 12:55:50', '2018-08-11 15:58:50'),
(22, 22, 'Aguaclara', '2018-08-11 12:55:50', '2018-08-11 15:58:50'),
(23, 23, 'Banquetas', '2018-08-11 12:55:50', '2018-08-11 15:58:50'),
(24, 0, 'Maravéles', '2018-08-11 12:55:50', '2018-08-11 15:58:50'),
(25, 25, 'El jazmín', '2018-08-11 12:55:50', '2018-08-11 15:58:50'),
(26, 26, 'La loma', '2018-08-11 12:55:50', '2018-08-11 15:58:50'),
(27, 27, 'Santa barbara', '2018-08-11 12:55:50', '2018-08-11 15:58:50'),
(28, 28, 'La florida', '2018-08-11 12:55:50', '2018-08-11 15:58:50'),
(29, 29, 'Agua blanca', '2018-08-11 12:55:50', '2018-08-11 15:58:50'),
(30, 30, 'Cabecera', '2018-08-11 12:55:50', '2018-08-11 15:58:50'),
(31, 31, 'Arara', '2018-08-11 12:55:50', '2018-08-11 15:58:50'),
(32, 32, 'El progreso', '2018-08-11 12:55:50', '2018-08-11 15:58:50');

INSERT INTO `user` (`id_user`, `cod_tipo_user`, `level_user`,`cod_train_area`, `cod_know_area`, `name_user`, `gener_user`,
  `year_user`, `month_user`, `day_user`, `documento_user`, `cod_tipo_documento`, `correo_user`, `pass_user`, `confirmar_user`,
  `celular_user`, `telefono_user`, `cod_pais`, `cod_depart`, `cod_ciudad`, `cod_comuna`, `cod_corregimiento`, `cod_vereda`, `cod_barrio`, `direccion_user`, `created_user`, `update_user`) VALUES

(1, 1, 1, '', 1, 'Stefany Beltran Ramos', 'Femenino', 2001, 4, 10, '1000572185', 1, 'stefanyjramos08102@gmail.com',
'$2y$10$7qDsdAdwnsrINDpyFqGfV.ot3eOkAKHSbLHgGkZ9IDm0DlVGYfq5G/n', '1067274278080c3569f9a6d302ad7142', '3177478100', '', 1, 1, 1, 1, '', '', 1, 'Cra 141 a 144 c 12', '2018-08-22 20:00:10' '2018-08-22 20:00:10');
